{"cameraMode":{"drawMode":0,"name":"Shaded","section":"Shading Mode"},"sceneLighting":true,"audioPlay":false,"sceneViewState":{"showFog":false,"showMaterialUpdate":false,"showSkybox":false,"showFlares":false,"showImageEffects":false,"showParticleSystems":true},"in2DMode":false,"pivot":{"x":20.675079345703126,"y":-127.43119049072266,"z":-98.21142578125},"rotation":{"x":-0.007893340662121773,"y":0.8948838114738464,"z":-0.4459482729434967,"w":-0.01583985425531864},"size":265.91265869140627,"orthographic":false}