{"cameraMode":{"drawMode":0,"name":"Shaded","section":"Shading Mode"},"sceneLighting":true,"audioPlay":false,"sceneViewState":{"showFog":false,"showMaterialUpdate":false,"showSkybox":false,"showFlares":false,"showImageEffects":false,"showParticleSystems":true},"in2DMode":false,"pivot":{"x":18.407472610473634,"y":-2.780040740966797,"z":8.5584135055542},"rotation":{"x":-0.700298547744751,"y":-0.00042114657117053866,"z":0.0004120800003875047,"w":-0.7138499617576599},"size":40.32082748413086,"orthographic":false}