{"cameraMode":{"drawMode":0,"name":"Shaded","section":"Shading Mode"},"sceneLighting":true,"audioPlay":false,"sceneViewState":{"showFog":false,"showMaterialUpdate":false,"showSkybox":false,"showFlares":false,"showImageEffects":false,"showParticleSystems":true},"in2DMode":false,"pivot":{"x":3.017650842666626,"y":-2.83498477935791,"z":5.152247905731201},"rotation":{"x":-0.48545321822166445,"y":0.514543890953064,"z":-0.49875420331954958,"w":-0.5008233189582825},"size":16.065513610839845,"orthographic":false}