{"cameraMode":{"drawMode":0,"name":"Shaded","section":"Shading Mode"},"sceneLighting":true,"audioPlay":false,"sceneViewState":{"showFog":false,"showMaterialUpdate":false,"showSkybox":false,"showFlares":false,"showImageEffects":false,"showParticleSystems":true},"in2DMode":false,"pivot":{"x":-2.8571817874908449,"y":-2.983166217803955,"z":5.233732223510742},"rotation":{"x":-0.7088131308555603,"y":-0.0004157834919169545,"z":0.00041725821211002767,"w":-0.7053960561752319},"size":8.058903694152832,"orthographic":false}