{"cameraMode":{"drawMode":0,"name":"Shaded","section":"Shading Mode"},"sceneLighting":false,"audioPlay":false,"sceneViewState":{"showFog":false,"showMaterialUpdate":false,"showSkybox":false,"showFlares":false,"showImageEffects":false,"showParticleSystems":true},"in2DMode":false,"pivot":{"x":2.3316287994384767,"y":-1.0955619812011719,"z":0.27050796151161196},"rotation":{"x":-0.6532257795333862,"y":0.05706237629055977,"z":-0.04947659373283386,"w":-0.7533870935440064},"size":4.2911810874938969,"orthographic":false}