{"cameraMode":{"drawMode":0,"name":"Shaded","section":"Shading Mode"},"sceneLighting":true,"audioPlay":false,"sceneViewState":{"showFog":false,"showMaterialUpdate":false,"showSkybox":false,"showFlares":false,"showImageEffects":false,"showParticleSystems":true},"in2DMode":false,"pivot":{"x":13.985944747924805,"y":7.330482482910156,"z":6.953666687011719},"rotation":{"x":0.13739219307899476,"y":-0.7713743448257446,"z":0.17802178859710694,"w":0.5953261852264404},"size":5.857884407043457,"orthographic":false}