{"cameraMode":{"drawMode":0,"name":"Shaded","section":"Shading Mode"},"sceneLighting":true,"audioPlay":false,"sceneViewState":{"showFog":false,"showMaterialUpdate":false,"showSkybox":false,"showFlares":false,"showImageEffects":false,"showParticleSystems":true},"in2DMode":false,"pivot":{"x":6.427735805511475,"y":-6.076066970825195,"z":15.762585639953614},"rotation":{"x":-0.6818625926971436,"y":-0.0037236746866256,"z":0.003470203373581171,"w":-0.7314625978469849},"size":20.51595687866211,"orthographic":false}