{"cameraMode":{"drawMode":0,"name":"Shaded","section":"Shading Mode"},"sceneLighting":true,"audioPlay":false,"sceneViewState":{"showFog":false,"showMaterialUpdate":false,"showSkybox":false,"showFlares":false,"showImageEffects":false,"showParticleSystems":true},"in2DMode":false,"pivot":{"x":2.995225191116333,"y":0.07892751693725586,"z":2.118067979812622},"rotation":{"x":-0.00039200863102450967,"y":0.9449635148048401,"z":-0.3271735608577728,"w":-0.0011326235253363848},"size":34.45712661743164,"orthographic":false}