{"cameraMode":{"drawMode":0,"name":"Shaded","section":"Shading Mode"},"sceneLighting":true,"audioPlay":false,"sceneViewState":{"showFog":false,"showMaterialUpdate":false,"showSkybox":false,"showFlares":false,"showImageEffects":false,"showParticleSystems":true},"in2DMode":false,"pivot":{"x":3.3906373977661135,"y":0.6212854385375977,"z":7.736415863037109},"rotation":{"x":-0.23862411081790925,"y":-0.5387019515037537,"z":0.16240763664245606,"w":-0.7915065288543701},"size":8.058903694152832,"orthographic":false}