{"cameraMode":{"drawMode":0,"name":"Shaded","section":"Shading Mode"},"sceneLighting":true,"audioPlay":false,"sceneViewState":{"showFog":false,"showMaterialUpdate":false,"showSkybox":false,"showFlares":false,"showImageEffects":false,"showParticleSystems":true},"in2DMode":false,"pivot":{"x":7.1603169441223148,"y":-0.45599794387817385,"z":6.088226318359375},"rotation":{"x":-0.015870284289121629,"y":0.9797207117080689,"z":-0.180120050907135,"w":-0.08632659167051316},"size":7.305029392242432,"orthographic":false}